    Our Service,
      Overview of Dietetics,
      Consultation,
      Other Services,
      Packages,
    Your Health,
      Diabetes,
      Heart Health,
      Irritable Bowel Syndrome,
      Mineral and Vitamin Deficiency,
      Food allergy or intolerance,
      Weight loss,
      Healthy eating for families,
      Vegetarian/Vegan,
      Cancer,
      Coeliac disease,
      PCOS,
      Nutrition for the elderly,
      Lethargy and loss of vitality,
    Your Organisation,
    About,
    Contact,
     Enquiry form,
     Thank you for your enquiry,
